bairro;logradouro;cep
Alto da Tubiba;Rua Antônio Aureliano de Brito;58708-370
Alto da Tubiba;Rua Antônio Rui de Brito;58708-382
Alto da Tubiba;Rua Antônio Tranca Ruas;58708-530
Alto da Tubiba;Rua Delmiro Alves Monteiro;58708-380
Alto da Tubiba;Rua Doutor Rui Pereira;58708-510
Alto da Tubiba;Rua Francisca Inácia Lima;58708-350
Alto da Tubiba;Rua Francisco Trindade;58708-515
Alto da Tubiba;Rua Irineu Lacerda;58708-360
Alto da Tubiba;Rua Jonas Avelino de Figueiredo;58708-372
Alto da Tubiba;Rua José Gaspar;58708-520
Alto da Tubiba;Rua José Joaquim;58708-384
Alto da Tubiba;Rua José Melquíades;58708-500
Alto da Tubiba;Travessa José Melquíades;58708-502
Alto da Tubiba;Rua Manoel Luiz Irmão - Né Luiz;58708-371
Alto da Tubiba;Rua Martinho Monteiro Dias;58708-374
Alto da Tubiba;Rua Ramiro Pereira dos Santos;58708-390
Alto da Tubiba;Rua Severino Alves;58708-392
Alto da Tubiba;Rua Severino Gomes Montenegro - Severino Mineral;58708-373
Alto da Tubiba;Rua Tomaz Medeiros;58708-365
Ana Leite;Rodovia BR-230;58706-810
Ana Leite;Rua Severino Lustosa Morais;58706-800
Área Rural de Patos;Área Rural;58708-899
Bela Vista;Rua Abílio Melquíades da Costa;58704-493
Bela Vista;Rua Adalberto Bernardo Nunes;58704-606
Bela Vista;Rua Almir Ferreira da Cunha;58704-600
Bela Vista;Rua Antônio C Lucena;58704-495
Bela Vista;Rua Antônio Gomes da Costa;58704-412
Bela Vista;Rua Antônio Justino;58704-620
Bela Vista;Travessa Antônio Justino;58704-625
Bela Vista;Rua Antônio Macedo;58704-463
Bela Vista;Travessa Antônio Vieira;58704-473
Bela Vista;Rua Bancário Jarbas Moura da Costa;58704-430
Bela Vista;Travessa Bancário Jarbas Moura da Costa;58704-435
Bela Vista;Rua Braz Macena;58704-530
Bela Vista;Travessa Braz Macena;58704-535
Bela Vista;Rua Cândido das Laranjeiras;58704-465
Bela Vista;Travessa Cassemiro Ricarte;58704-632
Bela Vista;Rua Cinco de Agosto;58704-400
Bela Vista;Travessa Cinco de Agosto;58704-405
Bela Vista;Rua Dom Bosco;58704-428
Bela Vista;Rua Dona Cícera Pereira da Silva;58704-533
Bela Vista;Rua Dona Estelina Oliveira Andrade;58704-608
Bela Vista;Travessa Dona Maria Ceci Vilar;58704-478
Bela Vista;Rua Francisco Macaíba;58704-655
Bela Vista;Travessa Francisco Ricarte de Carvalho;58704-477
Bela Vista;Rua Francisco Rodrigues;58704-510
Bela Vista;Rua Francisco Vicente Araújo;58704-560
Bela Vista;Rua Galdino Guedes;58704-410
Bela Vista;Rua Hildo Menezes;58704-540
Bela Vista;Travessa Horácio Nóbrega;58704-425
Bela Vista;Rua Horácio Nóbrega;58704-440
Bela Vista;Rua Isabel Fernandes;58704-580
Bela Vista;Rua José Alves da Costa;58704-665
Bela Vista;Rua José Emídio dos Santos;58704-602
Bela Vista;Rua Joventino Machado;58704-490
Bela Vista;Rua Juca Fiscal;58704-660
Bela Vista;Rua Juvenal Ledo;58704-470
Bela Vista;Travessa Juvenal Ledo;58704-475
Bela Vista;Rua Juvenal Lúcio;58704-500
Bela Vista;Rua Luiz Félix Lima;58704-640
Bela Vista;Travessa Luiz Félix Lima;58704-645
Bela Vista;Rua Manoel Alexandrino Palmeira;58704-536
Bela Vista;Rua Maria das Dores Gonçalves da Silva;58704-604
Bela Vista;Travessa Mestre Félix;58704-485
Bela Vista;Rua Moacir Leitão;58704-630
Bela Vista;Rua Olivan Queiroz;58704-520
Bela Vista;Travessa Olivan Queiroz;58704-555
Bela Vista;Rua Oton Fagundes de Araújo;58704-570
Bela Vista;Rua Panatis;58704-480
Bela Vista;Rua Pedro Carneiro Bastos;58704-663
Bela Vista;Travessa Piano de Sousa;58704-482
Bela Vista;Travessa Santa Luzia;58704-502
Bela Vista;Rua Santa Luzia;58704-505
Bela Vista;Rua Sargento Eme Cavalcante;58704-658
Bela Vista;Rua Sargento Everaldo;58704-415
Bela Vista;Rua Sílvia Ramos Cavalcante de Araújo;58704-680
Bela Vista;Travessa Sílvia Ramos Cavalcante de Araújo;58704-682
Bela Vista;Rua Tenente Ananias Vicente da Silva;58704-550
Bela Vista;Rua Terto Zacarias;58704-420
Bela Vista;Rua Titico Gomes;58704-460
Bela Vista;Travessa Titico Gomes;58704-468
Bela Vista;Rua Venâncio Costa;58704-588
Belo Horizonte;Rua Alexandre de Carvalho;58704-240
Belo Horizonte;Rua Aluízio de Queiroz Melo;58704-370
Belo Horizonte;Rua Anália Palmeira;58704-278
Belo Horizonte;Travessa Antônio Carneiro de Lucena;58704-109
Belo Horizonte;Rua Antônio Justino;58704-343
Belo Horizonte;Rua Antônio Macedo;58704-050
Belo Horizonte;Travessa Antônio Macedo;58704-055
Belo Horizonte;Rua Antônio Urquiza;58704-040
Belo Horizonte;Rua Bancário Jarbas Moura da Costa;58704-365
Belo Horizonte;Rua Beltrando de Azevedo;58704-030
Belo Horizonte;Travessa Beltrando de Azevedo;58704-035
Belo Horizonte;Travessa Biribiu;58704-152
Belo Horizonte;Rua Cândido das Laranjeiras;58704-090
Belo Horizonte;Rua Carlota César;58704-130
Belo Horizonte;Travessa Carlota César;58704-135
Belo Horizonte;Travessa da Palmeira;58704-075
Belo Horizonte;Rua da Zilson Vieira de Lucena;58704-070
Belo Horizonte;Rua Dom Pedro II;58704-038
Belo Horizonte;Rua Doutor Enaldo Torres Fernandes;58704-255
Belo Horizonte;Rua Doutor Rui Pereira;58704-100
Belo Horizonte;Rua Epaminondas Rocha;58704-360
Belo Horizonte;Travessa Francisca Maria da Silva;58704-133
Belo Horizonte;Travessa Francisco Alves Queiroz;58704-190
Belo Horizonte;Rua Francisco Alves Queiroz;58704-260
Belo Horizonte;Rua Francisco Antônio do Nascimento;58704-378
Belo Horizonte;Rua Francisco Brandão;58704-120
Belo Horizonte;Travessa Francisco Brandão;58704-125
Belo Horizonte;Rua Francisco Candeias do Nascimento;58704-105
Belo Horizonte;Rua Francisco de Assis Cabral;58704-358
Belo Horizonte;Rua Francisco Marcelino de Morais;58704-272
Belo Horizonte;Rua Francisco Moreira Viana;58704-275
Belo Horizonte;Rua Horácio Nóbrega;58704-000
Belo Horizonte;Rua Inácio Fernandes Nóbrega;58704-270
Belo Horizonte;Rua João Avelino;58704-390
Belo Horizonte;Rua João Domingos de Queiroz;58704-140
Belo Horizonte;Rua João Rodrigues Alves;58704-290
Belo Horizonte;Rua Joaquim Luiz Serpa;58704-362
Belo Horizonte;Rua Jornalista Assis Chateaubriand;58704-060
Belo Horizonte;Rua José Aires de Lucena;58704-160
Belo Horizonte;Rua José Carlos A Freitas;58704-285
Belo Horizonte;Travessa José Honório de Sousa;58704-233
Belo Horizonte;Rua José Willians Braga Júnior;58704-045
Belo Horizonte;Rua Juvenal Lúcio;58704-230
Belo Horizonte;Travessa Juvenal Lúcio;58704-235
Belo Horizonte;Rua Laura de Medeiros Andrade;58704-315
Belo Horizonte;Rua Laurênio de Queiroz;58704-220
Belo Horizonte;Travessa Laurênio de Queiroz;58704-225
Belo Horizonte;Rua Laurindo Nunes Perinico;58704-325
Belo Horizonte;Rua Leonidas Severino de Araújo;58704-041
Belo Horizonte;Rua Luís José;58704-310
Belo Horizonte;Rua Major Cícero Sátiro;58704-340
Belo Horizonte;Rua Manoel Medeiros;58704-320
Belo Horizonte;Rua Manoel Pereira Neto;58704-170
Belo Horizonte;Travessa Manoel Pereira Neto;58704-175
Belo Horizonte;Rua Mestre Chiquinho;58704-058
Belo Horizonte;Rua Moacir Leitão;58704-330
Belo Horizonte;Travessa Moacir Leitão;58704-335
Belo Horizonte;Praça Nossa Senhora de Fátima;58704-200
Belo Horizonte;Rua Panatis;58704-110
Belo Horizonte;Travessa Panatis;58704-115
Belo Horizonte;Rua Paulino Gondin;58704-080
Belo Horizonte;Rua Pedra Branca;58704-020
Belo Horizonte;Rua Pedro Nicácio;58704-373
Belo Horizonte;Rua Pedro Peixoto;58704-150
Belo Horizonte;Travessa Pedro Peixoto;58704-155
Belo Horizonte;Rua Plácido Magalhães;58704-350
Belo Horizonte;Rua Professora Antônia Barbosa Rodrigues;58704-042
Belo Horizonte;Rua Rocha Palmeira;58704-010
Belo Horizonte;Rua Santa Luzia;58704-250
Belo Horizonte;Rua Severina da Costa;58704-274
Belo Horizonte;Rua Severino Lopes da Silva;58704-025
Belo Horizonte;Travessa Severino Lopes da Silva;58704-032
Belo Horizonte;Travessa Tenente José Dinoá;58704-065
Belo Horizonte;Rua Vereador Né Marinho;58704-280
Belo Horizonte;Rua Vereador Severino Fernando de Assis;58704-210
Bivar Olinto;Rua Antônia Marinho Filgueiras;58701-732
Bivar Olinto;Rua Antônio Martins;58701-710
Bivar Olinto;Rua Antônio Pininho de Oliveira;58701-720
Bivar Olinto;Rua Antônio Soares da Silva;58701-642
Bivar Olinto;Rua Arnaldo Laureano dos Santos;58701-711
Bivar Olinto;Rua Áurea Andrade de Góes;58701-686
Bivar Olinto;Travessa Batuel Palmeira;58701-796
Bivar Olinto;Rua Biró Cirilo;58701-644
Bivar Olinto;Rua Cleonice Medeiros de Maria;58701-748
Bivar Olinto;Rua Deca Simplício;58701-600
Bivar Olinto;Rua Doutor Romero Abdon Queiroz da Nóbrega;58701-602
Bivar Olinto;Rua Edvaldo Gomes Damascena;58701-747
Bivar Olinto;Rua Egídio Gomes Bezerra;58701-753
Bivar Olinto;Rua Francisco de Assis Santos;58701-694
Bivar Olinto;Rua João Odorico;58701-670
Bivar Olinto;Rua Joaquim Araújo de Lucena;58701-744
Bivar Olinto;Rua Joaquim Dedé;58701-620
Bivar Olinto;Rua Joaquim Pereira de Lima;58701-695
Bivar Olinto;Rua Joel Dantas;58701-805
Bivar Olinto;Rua Jorge Gurgel;58701-660
Bivar Olinto;Rua José Mesquita;58701-630
Bivar Olinto;Rua José Miguel de Góes;58701-687
Bivar Olinto;Rua José Silva;58701-718
Bivar Olinto;Rua Júlia Almeida de Medeiros;58701-712
Bivar Olinto;Rua Luiz Vieira de Souza;58701-726
Bivar Olinto;Rua Manoel Antônio Filho;58701-883
Bivar Olinto;Rua Manoel Pereira Filho;58701-605
Bivar Olinto;Rua Maria Araújo Lucena dos Santos;58701-745
Bivar Olinto;Rua Maria de Lourdes Joca Cabral;58701-692
Bivar Olinto;Rua Maria Gorete Oliveira Lins;58701-724
Bivar Olinto;Rua Maria Jovita Oliveira;58701-608
Bivar Olinto;Rua Mariana Lacerda Leite;58701-685
Bivar Olinto;Rua Minelvina Simões Candeia;58701-721
Bivar Olinto;Rua Nestor Pereira;58701-750
Bivar Olinto;Rua Olívia Maria de Araújo Oliveira;58701-749
Bivar Olinto;Rua Osni Wanderley;58701-723
Bivar Olinto;Rua Pedro Albino de Medeiros;58701-880
Bivar Olinto;Parada Pedro Morais de Medeiros Neto;58701-746
Bivar Olinto;Rua Pedro Rosa;58701-730
Bivar Olinto;Rua Petrônio Lucena Barbosa;58701-808
Bivar Olinto;Rua Raimundo Gomes de Lima;58701-754
Bivar Olinto;Rua Raulino Lúcio da Nóbrega;58701-631
Bivar Olinto;Rua Ribamar Leite de Lima;58701-688
Bivar Olinto;Rua Semeão Gentil;58701-610
Bivar Olinto;Rua Severina Barreto de Medeiros Cunha;58701-632
Bivar Olinto;Rua Tenente Pedro do Carmo;58701-770
Bivar Olinto;Rua Terezinha Brito de Lima;58701-725
Bivar Olinto;Rua Vereador Severino Rodrigues;58701-650
Bivar Olinto;Rua Zózimo Gurgel;58701-690
Brasília;Rua Ana Leite Nóbrega;58700-470
Brasília;Avenida Barão do Rio Branco;58700-370
Brasília;Avenida Benjamin Constant;58700-360
Brasília;Rua Bossuet Wanderley;58700-410
Brasília;Rua Coronel Miguel Sátiro;58700-484
Brasília;Rua Darcílio Wanderley da Nóbrega;58700-320
Brasília;Rua Domingos Lugo;58700-313
Brasília;Rua Doutor Onaldo de Queiroz;58700-390
Brasília;Rua Doutor Pedro Firmino;58700-350
Brasília;Rua Expedito Rodrigues;58700-490
Brasília;Rua Fenelon Bonavides;58700-340
Brasília;Rua Francisco Macena;58700-482
Brasília;Rua Galin Assis;58700-480
Brasília;Rua Godofredo Cunha Medeiros;58700-315
Brasília;Rua João de Barros;58700-400
Brasília;Rua João Olinto;58700-380
Brasília;Rua João Soares;58700-318
Brasília;Rua Pedro Izidro;58700-488
Brasília;Rua Peregrino Filho;58700-418
Brasília;Rua Presidente Floriano Peixoto;58700-300
Brasília;Rua Presidente Juscelino Kubitschek;58700-420
Brasília;Rua Tiradentes;58700-486
Brasília;Avenida Vidal de Negreiros;58700-330
Centro;Rua Antônio Fragoso;58700-630
Centro;Rua Antônio José Leite;58700-153
Centro;Rua Antônio Justiniano Nóbrega;58700-158
Centro;Avenida Barão do Rio Branco;58700-075
Centro;Rua Beltrando de Azevedo;58700-175
Centro;Travessa Bossuet Wanderley;58700-082
Centro;Rua Bossuet Wanderley;58700-085
Centro;Rua Capitão Ló;58700-500
Centro;Rua Cônego Bernardo;58700-570
Centro;Rua Coronel Miguel Sátiro;58700-530
Centro;Travessa Cruzeiro da Paz;58700-123
Centro;Largo do Mercado Central;58700-124
Centro;Rua do Prado;58700-010
Centro;Rua Dom Pedro II;58700-180
Centro;Travessa Dom Pedro II;58700-183
Centro;Travessa Doutor Dionísio;58700-008
Centro;Rua Doutor Duarte Dantas;58700-460
Centro;Rua Doutor José Genuíno;58700-050
Centro;Travessa Doutor José Genuíno;58700-055
Centro;Rua Doutor Pedro Firmino;58700-070
Centro;Rua Duque de Caxias;58700-200
Centro;Rua Escritor Rui Barbosa;58700-060
Centro;Praça Estação;58700-190
Centro;Rua Felipe Camarão;58700-605
Centro;Rua Felizardo Leite;58700-030
Centro;Travessa Felizardo Leite;58700-035
Centro;Rua Frei Caneca;58700-170
Centro;Rua Frei João Machado;58700-600
Centro;Rua Frei Martinho;58700-100
Centro;Rua Galin Assis;58700-468
Centro;Rua Herculano Rodrigues de Oliveira;58700-552
Centro;Travessa Inácio da Catingueira;58700-045
Centro;Rua Jaime Lúcio de Medeiros;58700-168
Centro;Rua Jeová Bezerra;58700-090
Centro;Rua João da Mata;58700-080
Centro;Travessa João Ourives;58700-185
Centro;Rua José Gomes Alves;58700-250
Centro;Rua José Nunes Leite, s/n;58709-970
Centro;Rua Leôncio Wanderley;58700-120
Centro;Travessa Leôncio Wanderley;58700-122
Centro;Rua Major Wanderley;58700-220
Centro;Rua Manoel Gomes de Lima;58700-430
Centro;Rua Manoel Oliveira;58700-515
Centro;Travessa Marcone Coutinho;58700-205
Centro;Rua Marechal Deodoro da Fonseca;58700-550
Centro;Travessa Miguel Mota;58700-125
Centro;Rua Oliveira Ledo;58700-150
Centro;Travessa Oliveira Ledo;58700-165
Centro;Rua Paulo Mendes;58700-240
Centro;Rua Pedro Caetano;58700-040
Centro;Rua Pedro Izidro;58700-540
Centro;Rua Peregrino de Carvalho;58700-160
Centro;Rua Peregrino Filho;58700-450
Centro;Travessa Peregrino Filho;58700-455
Centro;Rua Presidente Epitácio Pessoa;58700-020
Centro;Rua Presidente Epitácio Pessoa, 69;58700-959
Centro;Rua Presidente Epitácio Pessoa, 69;58700-970
Centro;Rua Presidente Epitácio Pessoa, 69;58700-972
Centro;Rua Presidente Floriano Peixoto;58700-235
Centro;Praça Presidente Getúlio Vargas;58700-230
Centro;Rua Presidente Getúlio Vargas;58700-233
Centro;Praça Presidente João Pessoa;58700-590
Centro;Terminal Rodoviário;58700-260
Centro;Rua Roldão Meira;58700-440
Centro;Rua São José;58700-015
Centro;Rua Severino Batista Primo;58700-140
Centro;Rua Severino Dutra;58700-154
Centro;Rua Severino Martins;58700-130
Centro;Avenida Solon de Lucena;58700-002
Centro;Avenida Solon de Lucena;58700-004
Centro;Rua Tiburtino Leite;58700-520
Centro;Rua Tiradentes;58700-510
Centro;2ª Travessa Oliveira Ledo;58700-151
Centro;Rua Vereador Joaquim Leitão;58700-110
Centro;Travessa Vereador Joaquim Leitão;58700-115
Centro;Avenida Vidal de Negreiros;58700-245
Centro;Rua Vinte e Seis de Julho;58700-580
Centro;Travessa Vinte e Seis de Julho;58700-585
Centro;Rua Vinte e Seis de Outubro;58700-610
Centro;Travessa Zeca Vilar;58700-465
Distrito Industrial;Rodovia BR-230;58705-760
Distrito Industrial;Rua Carreiro;58705-750
Estados;Rua Acre;58705-833
Estados;Rua Alagoas;58705-802
Estados;Rua Amapá;58705-828
Estados;Rua Amazonas;58705-831
Estados;Rua Bahia;58705-794
Estados;Rua Brasília;58705-832
Estados;Rua Ceará;58705-824
Estados;Rua Escritor Adhemar da Nóbrega;58705-842
Estados;Rua Escritor Anníbal Bonavides;58705-818
Estados;Rua Escritor João Norberto;58705-841
Estados;Rua Escritor José Antônio Urquiza;58705-853
Estados;Rua Escritor Luís Wanderley Torres;58705-854
Estados;Rua Escritor Nelson Lustoza Cabral;58705-848
Estados;Rua Escritor Paulo Fernandes Bonavides;58705-858
Estados;Rua Escritor Roberto Gentil;58705-845
Estados;Rua Espírito Santo;58705-795
Estados;Rua Goiás;58705-801
Estados;Rua José Claudino da Nóbrega;58705-836
Estados;Rua Maranhão;58705-826
Estados;Rua Mato Grosso;58705-835
Estados;Rua Mato Grosso do Sul;58705-800
Estados;Rua Minas Gerais;58705-830
Estados;Rua Osmundo Wanderley da Nóbrega;58705-838
Estados;Rua Pará;58705-827
Estados;Avenida Paraíba;58705-820
Estados;Rua Paraná;58705-799
Estados;Rua Pernambuco;58705-809
Estados;Rua Piauí;58705-825
Estados;Rua Poeta Cesário José de Pontes;58705-846
Estados;Rua Poeta Escritor Ronald de Queiroz;58705-850
Estados;Rua Poeta João Severo de Lima;58705-844
Estados;Rua Poeta Júlio Veríssimo Gomes;58705-803
Estados;Rua Poeta Manuel Galdino Bandeira;58705-849
Estados;Rua Poeta Manuel Pereira Sobrinho;58705-813
Estados;Rua Poeta Manuel Quirino;58705-843
Estados;Rua Poeta Odilon Nunes de Sá;58705-837
Estados;Rua Poeta Polion Carneiro;58705-857
Estados;Rua Poeta Severino Perigo;58705-812
Estados;Rua Poeta Silvino Pirauá de Lima;58705-855
Estados;Rua Poetisa Francisca Barbosa;58705-852
Estados;Rua Rio de Janeiro;58705-865
Estados;Rua Rio Grande do Norte;58705-823
Estados;Rua Rio Grande do Sul;58705-790
Estados;Rua Rio Grande do Sul;58705-815
Estados;Rua Rondônia;58705-834
Estados;Rua Roraima;58705-811
Estados;Rua Santa Catarina;58705-797
Estados;Rua São Paulo;58705-870
Estados;Rua Sergipe;58705-810
Estados;Rua Tarcísio Meira César;58705-840
Estados;Rua Tocantins;58705-796
Jardim Europa;Rua Adalberto Bernardo Nunes;58705-062
Jardim Europa;Rua Almir Ferreira da Cunha;58705-032
Jardim Europa;Rua Anchieta Leitão Torres de Araújo;58705-098
Jardim Europa;Avenida Áustria;58705-010
Jardim Europa;Rua Carlos Dantas Trigueiro;58705-050
Jardim Europa;Rua Dorgival de Souza Cavalcante;58705-040
Jardim Europa;Avenida Edileuza Lopes de Lima;58705-020
Jardim Europa;Avenida França;58705-090
Jardim Europa;Rua Geraldo Geraldino de Araújo;58705-070
Jardim Europa;Avenida Grécia;58705-060
Jardim Europa;Avenida Holanda;58705-100
Jardim Europa;Rua Horácio Nóbrega;58705-077
Jardim Europa;Rua Iugoslávia;58705-075
Jardim Europa;Rua João Gomes;58705-080
Jardim Europa;Rua Joaquim Lilioso de Lucena;58705-052
Jardim Europa;Rua José Francisco Nunes;58705-110
Jardim Europa;Rua José Rodrigues da Silva Neto;58705-035
Jardim Europa;Rua Laurentino Pereira da Silva;58705-025
Jardim Europa;Rua Ricardo Felipe de Sousa;58705-030
Jardim Europa;Rua Sebastião Marcelino Sobrinho;58705-000
Jardim Europa;Rua Severina Nunes Ferreira;58705-055
Jardim Europa;Rua Tailândia;58705-072
Jardim Magnólia;Rua Antônio de Lira Santos;58705-578
Jardim Magnólia;Rua Antônio Emídio Rodrigues;58705-602
Jardim Magnólia;Rua Antônio Ferreira dos Santos;58705-540
Jardim Magnólia;Rua Antônio Torres de Araújo;58705-575
Jardim Magnólia;Rua Aureo Clemente Guedes;58705-640
Jardim Magnólia;Rua Áureo Queiroz Magalhães;58705-606
Jardim Magnólia;Rodovia BR-230;58705-555
Jardim Magnólia;Rua Cabo Ademar Bezerra dos Santos;58705-572
Jardim Magnólia;Rua Cirilo Garapa;58705-506
Jardim Magnólia;Rua das Acácias;58705-630
Jardim Magnólia;Avenida das Laranjeiras;58705-650
Jardim Magnólia;Rua dos Flamboyants;58705-610
Jardim Magnólia;Rua Doutor José Roberto Skelmenzi;58705-626
Jardim Magnólia;Rua Doutor Leido Antão da Silva;58705-594
Jardim Magnólia;Rua Doutora Vilani Kehrle Szelmenzi;58705-570
Jardim Magnólia;Rua Emília Medeiros Dantas;58705-647
Jardim Magnólia;Rua Enfermeira Marlene de Azevedo Barbosa;58705-582
Jardim Magnólia;Rua Flávio de Medeiros Damasceno;58705-616
Jardim Magnólia;Avenida França;58705-586
Jardim Magnólia;Rua Francisca Medeiros de Lucena;58705-656
Jardim Magnólia;Rua Francisco da Silva Fernandes;58705-625
Jardim Magnólia;Rua Jaracatias;58705-680
Jardim Magnólia;Rua Joana Formiga de Sousa;58705-618
Jardim Magnólia;Rua João Everaldo Pereira Lucena;58705-510
Jardim Magnólia;Rua José Caetano de Lucena;58705-587
Jardim Magnólia;Rua José de Anchieta da Silva Pereira;58705-520
Jardim Magnólia;Rua José Vitoriano Barbosa;58705-580
Jardim Magnólia;Rua Lamarco Cordeiro da Silva;58705-622
Jardim Magnólia;Rua Luzia Emiliano da Silva;58705-552
Jardim Magnólia;Avenida Magnólia;58705-500
Jardim Magnólia;Rua Manoel Crispim de Araújo;58705-644
Jardim Magnólia;Rua Maria das Dores Cavalcante Silva;58705-624
Jardim Magnólia;Rua Maria das Graças Medeiros;58705-643
Jardim Magnólia;Rua Osvaldo Caetano;58705-550
Jardim Magnólia;Rua Otávio Horácio de Medeiros;58705-592
Jardim Magnólia;Rua Pedro Candeia de Lima;58705-604
Jardim Magnólia;Rua Raimundo Cândido Cavalcanti;58705-660
Jardim Magnólia;Rua Raylson Kevin Alves de Araújo;58705-584
Jardim Magnólia;Rua Robério Vieira de Medeiros;58705-560
Jardim Magnólia;Rua Severina Leopoldina de Medeiros;58705-593
Jardim Magnólia;Rua Severino Ayres de Araújo;58705-590
Jardim Magnólia;Rua Vicente Lourenço de Souza;58705-576
Jardim Magnólia;Rua Wellington Medeiros de Lucena;58705-653
Jatobá;Rua Alaíde Medeiros de Lucena;58707-230
Jatobá;Rua Albertina Dantas;58707-343
Jatobá;Rua Anatildes Lucena;58707-415
Jatobá;Rua Antônio Barreto;58707-210
Jatobá;Rua Antônio Gonçalves;58707-400
Jatobá;Rua Antônio José;58707-383
Jatobá;Rua Antônio Moisés Amorim;58707-435
Jatobá;Rua Antônio Torres;58707-212
Jatobá;Rua Dinamérico Palmeira;58707-260
Jatobá;Rua Dino Guedes;58707-390
Jatobá;Rua Donato Lócio;58707-380
Jatobá;Rua Edvaldo Guedes da Silva;58707-227
Jatobá;Rua Elpídio Portela;58707-200
Jatobá;Rua Francisco Jovita Oliveira;58707-232
Jatobá;Rua Francisco Paulo Licarião;58707-222
Jatobá;Rua Frei Manoel;58707-418
Jatobá;Rua João Cordeiro da Silva;58707-342
Jatobá;Rua João Salvino de Medeiros;58707-432
Jatobá;Rua Joaquim dos Santos;58707-412
Jatobá;Rua José Germano Araújo;58707-300
Jatobá;Rua José Roosevelt Gomes;58707-305
Jatobá;Rua José Sátiro Quinho;58707-220
Jatobá;Rua José Soares da Costa;58707-345
Jatobá;Rua Jovino Lustosa;58707-340
Jatobá;Rua Justiniano Guedes;58707-440
Jatobá;Rua Luzia Ferreira Leitão;58707-215
Jatobá;Rua Manoel Cabral;58707-280
Jatobá;Travessa Manoel Cabral;58707-285
Jatobá;Rua Manoel Efigenio de Medeiros;58707-346
Jatobá;Rua Manoel José do Nascimento;58707-360
Jatobá;Rua Manoel Meira;58707-460
Jatobá;Rua Manoel Mota;58707-430
Jatobá;Rua Manoel Reinaldo;58707-420
Jatobá;Travessa Manoel Reinaldo;58707-425
Jatobá;Rua Maria de Guilherme;58707-344
Jatobá;Rua Maria Nunes Lucena;58707-438
Jatobá;Rua Paulo Viturino dos Santos;58707-410
Jatobá;Rua Poeta José Monteiro;58707-320
Jatobá;Rua Renan Aires;58707-218
Jatobá;Rua Santina Ferreira Lucena;58707-242
Jatobá;Rua São Pedro;58707-480
Jatobá;Rua Solon Medeiros;58707-225
Jatobá;Rua Valmir Nunes Figueiredo;58707-365
Liberdade;Rua Adélia Urquiza;58703-170
Liberdade;Rua Antônio José Leite;58703-072
Liberdade;Rua Antônio Justiniano Nóbrega;58703-030
Liberdade;Rua Argemiro Gangorra de Barros;58703-134
Liberdade;Rua Caixa dÁgua;58703-020
Liberdade;Travessa Caixa dÁgua;58703-025
Liberdade;Rua Deputado Janduy Carneiro;58703-120
Liberdade;Rua Diogo José de Medeiros;58703-152
Liberdade;Rua do Meio;58703-008
Liberdade;Rua do Prado;58703-000
Liberdade;Travessa do Prado;58703-005
Liberdade;Rua Doutor Enaldo Torres Fernandes;58703-070
Liberdade;Rua Doutor João Felipe Ramalho;58703-090
Liberdade;Rua Doutor José Genuíno;58703-060
Liberdade;Rua Doutor Pedro Firmino;58703-048
Liberdade;Rua Durval da Silva Melquíades;58703-221
Liberdade;Rua Edmilson Cirilo Costa;58703-075
Liberdade;Rua Estudante Fabrício da Silva Rodrigues;58703-222
Liberdade;Rua Fábio Batista Leite Bezerra;58703-224
Liberdade;Rua Felizardo Leite;58703-042
Liberdade;Rua Francisco Cirilo Costa;58703-078
Liberdade;Rua Francisco de Assis Morais da Silva;58703-216
Liberdade;Rua Inácio Melquíades de Sousa;58703-207
Liberdade;Rua Joaquim Crioulo;58703-214
Liberdade;Rua Joaquim Lopes de Assis;58703-210
Liberdade;Travessa Joaquim Lopes de Assis;58703-215
Liberdade;Rua Joatan Aires de Oliveira;58703-095
Liberdade;Rua José Batista da Costa;58703-136
Liberdade;Rua José Dantas dos Santos;58703-218
Liberdade;Rua José Vicente de Souza;58703-061
Liberdade;Rua Juvita Avelino de Sousa;58703-225
Liberdade;Rua Karlos Wilberto Batista Leite Bezerra;58703-206
Liberdade;Rua Leôncio Lira de Oliveira;58703-220
Liberdade;Rua Luzivete Medeiros da Silva;58703-200
Liberdade;Rua Manoel Alves de Freitas;58703-006
Liberdade;Rua Maria do Carmo Sátiro Farias;58703-227
Liberdade;Rua Maria José Dantas de Holanda;58703-229
Liberdade;Rua Maria Stela Urquiza;58703-228
Liberdade;Rua Moacir Dantas Cavalcante;58703-203
Liberdade;Rua Natália de Figueiredo;58703-144
Liberdade;Rua Natanael Vidal de Negreiros;58703-226
Liberdade;Rua Nezinho Leandro;58703-100
Liberdade;Travessa Nezinho Leandro;58703-105
Liberdade;Rua Odon Nogueira;58703-190
Liberdade;Travessa Odon Nogueira;58703-195
Liberdade;Rua Padre Joaquim de Assis Ferreira;58703-040
Liberdade;Rua Paulo Leite Ferreira;58703-130
Liberdade;Rua Pedro Leandro de Oliveira;58703-208
Liberdade;Rua Prefeito Oscar Torres;58703-050
Liberdade;Rua Professora Emília Longo Fernandes;58703-217
Liberdade;Rua Raniere Mazilli;58703-150
Liberdade;Travessa Raniere Mazilli;58703-155
Liberdade;Rua Raniere Mazilli, s/n;58703-971
Liberdade;Rua Roldão Caroca do Nascimento;58703-204
Liberdade;Rua Santos Dumont;58703-010
Liberdade;Rua São José;58703-045
Liberdade;Rua Severina Monteiro da Silva;58703-132
Liberdade;Rua Severino Dutra;58703-140
Liberdade;Rua Zeca Vieira;58703-080
Maternidade;Rua Afrânio Firmino de Sousa;58701-534
Maternidade;Rua Alberto Lustosa;58701-520
Maternidade;Rua Alício Barreto;58701-560
Maternidade;Rua Alto Casteliano;58701-398
Maternidade;Rua André da Costa Pereira;58701-492
Maternidade;Rua Andressa Rodrigues Amorim;58701-552
Maternidade;Rua Angelita Soares Cavalcante;58701-388
Maternidade;Rua Antônio Balduino Neto;58701-466
Maternidade;Rua Antônio Lela;58701-420
Maternidade;Rua Antônio Palmeira;58701-350
Maternidade;Rua Antônio Paulino de Araújo;58701-344
Maternidade;Rua Antônio Pininho de Oliveira;58701-480
Maternidade;Rua Antônio Praxedes dos Santos;58701-541
Maternidade;Rua Artemiza Cirilo;58701-389
Maternidade;Rua Atilano Moura;58701-370
Maternidade;Rua Azenriel de Brito Siqueira;58701-412
Maternidade;Rua Basta Gomes;58701-330
Maternidade;Rua Bernardino Felipe Santos;58701-414
Maternidade;Rua Cabo José Benício;58701-384
Maternidade;Rua Cabo Severino;58701-368
Maternidade;Rua Cícero Bernardo;58701-450
Maternidade;Travessa Cícero Bernardo;58701-455
Maternidade;Rua Cícero Gomes da Silva;58701-355
Maternidade;Rua Cleonice Medeiros de Maria;58701-516
Maternidade;Rua Cloves Correia da Silva;58701-359
Maternidade;Rua Cônego Raul Lopes de Souza;58701-302
Maternidade;Rua Delzuita Avelino de Medeiros;58701-570
Maternidade;Estrada do Campo Comprido;58701-318
Maternidade;Rua do Prado;58701-418
Maternidade;Rua Edmeia Brito Pereira;58701-509
Maternidade;Rua Eduardo Benício Araújo;58701-542
Maternidade;Rua Edvaldo Gomes Damascena;58701-513
Maternidade;Rua Egídio Gomes Bezerra;58701-518
Maternidade;Rua Elias Asfora;58701-300
Maternidade;Travessa Elias Asfora;58701-305
Maternidade;Rua Ernani Dias Portella;58701-311
Maternidade;Rua Escritor Augusto dos Anjos;58701-394
Maternidade;Rua Euzary Ayres de Lacerda;58701-472
Maternidade;Rua Evangelina Rodrigues de Sousa;58701-323
Maternidade;Rua Francisca da Silva Xavier;58701-515
Maternidade;Rua Francisco de Assis Araújo;58701-540
Maternidade;Avenida Francisco Fernandes de Assis;58701-530
Maternidade;Rua Grazielle Ramalho Sátiro;58701-366
Maternidade;Rua Inácio do Leão;58701-320
Maternidade;Rua Irineu Teódulo da Silva;58701-554
Maternidade;Travessa Isabel Viana;58701-316
Maternidade;Rua Ismael Tibiri;58701-555
Maternidade;Rua João F Lustosa;58701-548
Maternidade;Rua João Leite;58701-440
Maternidade;Travessa João Leite;58701-445
Maternidade;Rua João Severino de Sousa;58701-506
Maternidade;Rua João Simões dos Santos Neto;58701-468
Maternidade;Rua Joaquim Araújo de Lucena;58701-510
Maternidade;Rua José Barbalho Bezerra;58701-487
Maternidade;Rua José Horácio Marques;58701-346
Maternidade;Rua José Mariano;58701-342
Maternidade;Rua José Oliveira da Silva;58701-358
Maternidade;Rua José Palmeira da Nóbrega;58701-426
Maternidade;Rua José Silva;58701-367
Maternidade;Rua José Trajano Mendes;58701-363
Maternidade;Rua Joselito Ferreira Trindade;58701-493
Maternidade;Rua Kelfhânio Brito;58701-550
Maternidade;Rua Lourival Palmeira;58701-406
Maternidade;Rua Luiz Araújo Nóbrega;58701-500
Maternidade;Rua Luiz Fragoso Diniz;58701-502
Maternidade;Rua Luiz Vieira de Souza;58701-485
Maternidade;Rua Luzia Noberto da Silva;58701-564
Maternidade;Rua Manoel Marcelino de Lucena;58701-488
Maternidade;Rua Maria Alves da Silva;58701-362
Maternidade;Rua Maria Aparecida de Medeiros Montenegro;58701-486
Maternidade;Rua Maria Araújo Lucena dos Santos;58701-511
Maternidade;Rua Maria de Lourdes Wanderley;58701-354
Maternidade;Rua Maria Gorete Oliveira Lins;58701-482
Maternidade;Rua Maria Lúcia Gomes;58701-498
Maternidade;Rua Maria Sousa Barreto;58701-424
Maternidade;Rua Marina Gouveia;58701-508
Maternidade;Rua Mário Gomes de Moura;58701-490
Maternidade;Rua Miguel Fernandes Mota;58701-390
Maternidade;Rua Minelvina Simões Candeia;58701-481
Maternidade;Rua Misael de Sousa;58701-310
Maternidade;Rua Nabor Barbosa de Carvalho;58701-402
Maternidade;Rua Noé Trajano;58701-385
Maternidade;Rua Olívia Maria de Araújo Oliveira;58701-517
Maternidade;Rua Osni Wanderley;58701-483
Maternidade;Rua Otílio de Sousa;58701-396
Maternidade;Rua Padre Anchieta;58701-392
Maternidade;Rua Paulo César de Oliveira;58701-404
Maternidade;Rua Pedro Amorim;58701-566
Maternidade;Parada Pedro Morais de Medeiros Neto;58701-512
Maternidade;Rua Pedro Xavier;58701-410
Maternidade;Rua Peregrino de Araújo;58701-416
Maternidade;Rua Prefeito Oscar Torres;58701-313
Maternidade;Rua Professor José Araújo;58701-340
Maternidade;Rua Raimundo Gomes de Lima;58701-519
Maternidade;Rua Roque Sá Magalhães;58701-422
Maternidade;Rua Rosa Figueiredo;58701-400
Maternidade;Rua São José;58701-315
Maternidade;Rua Saulo de Queiroz Melo;58701-470
Maternidade;Rua Sérgio Lima;58701-360
Maternidade;Travessa Sérgio Lima;58701-365
Maternidade;Rua Severino Oliveira Braz;58701-504
Maternidade;Rua Severino Soares;58701-380
Maternidade;Rua Severino Soares, s/n;58701-900
Maternidade;Rua Terezinha Brito de Lima;58701-484
Maternidade;Rua Vereador Apolônio Gonçalves de Lima;58701-375
Maternidade;Rua Vicência Alves Gomes;58701-357
Maternidade;Rua Wilson Lira Sampaio;58701-473
Monte Castelo;Rua Antônio Barreto;58707-180
Monte Castelo;Rua Antônio Lopes de Lima;58707-016
Monte Castelo;Rua Antônio Torres;58707-130
Monte Castelo;Rua Auzenira Araújo do Nascimento;58707-046
Monte Castelo;Rua Beira Rio;58707-182
Monte Castelo;Rua da Boa Vizinhança;58707-186
Monte Castelo;Rua Dom Gerardo Pontes;58707-184
Monte Castelo;Rua dos Lírios;58707-188
Monte Castelo;Rua Doutor Edval Porfiro;58707-120
Monte Castelo;Rua Erinaldo Fereira Matias;58707-164
Monte Castelo;Rua Fabiana dos Santos Farias;58707-135
Monte Castelo;Rua Fernando Ferreira de Lima;58707-163
Monte Castelo;Rua Francisco Paulo Licarião;58707-110
Monte Castelo;Rua Frei Damião;58707-190
Monte Castelo;Rua Henrique Pereira da Silva;58707-048
Monte Castelo;Rua Hermes Enéas;58707-040
Monte Castelo;Rua Joana Justina da Silva;58707-065
Monte Castelo;Rua João César Sobrinho;58707-108
Monte Castelo;Rua Joaquim Amaro;58707-080
Monte Castelo;Rua Jocelém José de Lucena;58707-177
Monte Castelo;Rua José Crispim;58707-060
Monte Castelo;Rua Luzia Ferreira Leitão;58707-118
Monte Castelo;Rua Manacés Araújo Leitão;58707-045
Monte Castelo;Rua Manoel Mota;58707-000
Monte Castelo;Travessa Manoel Mota;58707-005
Monte Castelo;Rua Manoel Pedro Oliveira;58707-100
Monte Castelo;Rua Maria Alves Vilar;58707-125
Monte Castelo;Rua Maria Augusta Limeira;58707-062
Monte Castelo;Rua Nossa Senhora Aparecida;58707-178
Monte Castelo;Rua Nossa Senhora das Graças;58707-183
Monte Castelo;Rua Nossa Senhora de Lourdes;58707-185
Monte Castelo;Rua Pedro David;58707-160
Monte Castelo;Rua Pedro Ferreira Leitão;58707-166
Monte Castelo;Rua Pedro Francisco do Nascimento;58707-042
Monte Castelo;Rua Pedro Lourenço da Costa;58707-162
Monte Castelo;Rua Renan Aires;58707-115
Monte Castelo;Rua Sabino Viana;58707-020
Monte Castelo;Rua Santa Clara;58707-187
Monte Castelo;Rua Sebastião Monteiro Oliveira;58707-140
Monte Castelo;Rua Solon Medeiros;58707-010
Monte Castelo;Rua Valdir Dias de Amorim;58707-165
Morada do Sol;Rua Águida de Souza Franco;58703-373
Morada do Sol;Rua Amália Cruz Guedes;58703-384
Morada do Sol;Rua Antonieta Longo;58703-342
Morada do Sol;Rua Antônio Franco da Costa;58703-380
Morada do Sol;Rua Cícero Lúcio de Sousa;58703-424
Morada do Sol;Rua Clóvis Sátyro de Souza;58703-390
Morada do Sol;Rua Cosmo Moura da Silva;58703-410
Morada do Sol;Rua Creuza Oliveira Lopes;58703-346
Morada do Sol;Avenida Diocênio Sátiro de Sousa;58703-393
Morada do Sol;Rua Dom Fernando Gomes;58703-382
Morada do Sol;Rua Doralice Sátiro;58703-391
Morada do Sol;Rua Doutor Romero Abdon Queiroz da Nóbrega;58703-400
Morada do Sol;Rua Eleonora Xavier;58703-370
Morada do Sol;Rua Ernani Sátiro;58703-395
Morada do Sol;Rua Estácio de Sá e Souza;58703-398
Morada do Sol;Rua Estudante Fabrício da Silva Rodrigues;58703-340
Morada do Sol;Rua Francisca Wanderley da Nóbrega;58703-386
Morada do Sol;Rua Ivanildo Costa Vilar;58703-375
Morada do Sol;Rua José Bonifácio de Carvalho;58703-360
Morada do Sol;Rua José Maximiano Silva;58703-396
Morada do Sol;Avenida Maria Gorete Vieira Franco;58703-392
Morada do Sol;Rua Milton Vieira;58703-388
Morada do Sol;Rua Murilo Alves de Lima;58703-404
Morada do Sol;Rua Oscar Xavier dos Santos;58703-363
Morada do Sol;Rua Pedro Alexandrino de Araújo Filho;58703-349
Morada do Sol;Rua Poeta Antônio Américo de Medeiros;58703-343
Morada do Sol;Rua Severina Etelvina de Pontes;58703-429
Morada do Sol;Rua Severino Rodrigues de Sousa;58703-428
Morada do Sol;Rua Silvino Argemiro Neves;58703-345
Morada do Sol;Avenida Um;58703-358
Morada do Sol;Rua Urbana Gomes Carvalho;58703-378
Morada do Sol;Rua Vereador Abdias Guedes Cavalcanti;58703-421
Morada do Sol;Rua Vereador Francisco Antônio de Maria;58703-440
Morada do Sol;Rua Vereador Francisco de Assis Barboza;58703-422
Morada do Sol;Rua Vereador José Augusto Longo da Silva;58703-344
Morada do Sol;Rua Vereador José da Penha Fernandes Meira;58703-431
Morada do Sol;Rua Vereador José Geraldo Dinoá Medeiros;58703-434
Morada do Sol;Rua Vereador José Marcone de Andrade;58703-433
Morada do Sol;Rua Vereador José Torres Gomes;58703-438
Morada do Sol;Rua Vereador Manuel Rodrigues Lustosa;58703-423
Morada do Sol;Rua Vereador Pedro Alexon Dias Jerônimo;58703-425
Morada do Sol;Rua Vereador Severino Alves Siqueira;58703-445
Morada do Sol;Rua Vereador Severino Fernandes Gomes;58703-432
Morada do Sol;Rua Vereador Virgílio Trindade Monteiro;58703-420
Morada do Sol;Rua Vereador Wilson Dias Novo;58703-435
Morada do Sol;Rua Vereadora Maria Esther Sátiro Fernandes;58703-430
Morada do Sol;Rua Walter Carvalho;58703-368
Morada do Sol;Rua Wantuy da Silva Martins;58703-365
Morro;Rua Antonieta Longo;58703-280
Morro;Rua Antônio Caboclo;58703-244
Morro;Rua Antônio José Quirino;58703-238
Morro;Rua Creuza Oliveira Lopes;58703-273
Morro;Rua Deputado Janduy Carneiro;58703-252
Morro;Rua do Prado;58703-240
Morro;Rua Doutor José Genuíno;58703-258
Morro;Rua Durval da Silva Melquíades;58703-283
Morro;Rua Francisco Américo de Araújo;58703-272
Morro;Rua Janúncio Nóbrega;58703-230
Morro;Rua Joaquim Crioulo;58703-250
Morro;Rua Joaquim Lopes de Assis;58703-233
Morro;Rua José Bonifácio de Carvalho;58703-265
Morro;Rua José Dantas dos Santos;58703-277
Morro;Rua Maria de Lourdes Ferreira Cavalcante - Maria de Nicodemos;58703-271
Morro;Rua Marluce Nunes de Assis;58703-242
Morro;Rua Natália de Figueiredo;58703-290
Morro;Rua Natanael Vidal de Negreiros;58703-285
Morro;Rua Nezinho Leandro;58703-254
Morro;Rua Oscar Xavier dos Santos;58703-266
Morro;Rua Padre Joaquim de Assis Ferreira;58703-268
Morro;Rua Pedro Rufino de Sousa;58703-292
Morro;Rua Poeta Antônio Américo de Medeiros;58703-276
Morro;Rua Professora Maria José de Lima;58703-270
Morro;Rua Severino Dutra;58703-295
Morro;Rua Silvino Argemiro Neves;58703-274
Morro;Rua Vereador José Augusto Longo da Silva;58703-275
Morro;Rua Walter Carvalho;58703-269
Morro;Rua Wantuy da Silva Martins;58703-267
Morro;Rua Zeca Vieira;58703-256
Noé Trajano;Rua Afonso Kehrle;58705-150
Noé Trajano;Rodovia BR-230;58705-235
Noé Trajano;Rua Dedé Marinho;58705-134
Noé Trajano;Rua dos Pegas;58705-146
Noé Trajano;Rua Doutor Ageu de Castro;58705-190
Noé Trajano;Rua Edimilson Ferreira Matias;58705-201
Noé Trajano;Rua Eliane Marinho dos Santos Lopes;58705-203
Noé Trajano;Rua Estudante Josinaldo Targino Borges;58705-178
Noé Trajano;Rua Fernanda Carvalho Monteiro;58705-206
Noé Trajano;Rua Francisca Alves Marinho;58705-163
Noé Trajano;Rua Gumercindo Farias Leite;58705-130
Noé Trajano;Rua Horácio Nóbrega;58705-193
Noé Trajano;Rua Humberto do Bandolim;58705-182
Noé Trajano;Rua João Gomes;58705-125
Noé Trajano;Rua José Borges;58705-132
Noé Trajano;Rua José Clementino;58705-144
Noé Trajano;Rua José Genival Rodrigues Júnior;58705-207
Noé Trajano;Rua José Marlon Alves Amaro;58705-174
Noé Trajano;Rua Marileda César Ramalho;58705-160
Noé Trajano;Rua Otávio Germano de Araújo;58705-152
Noé Trajano;Rua Padre Hilário;58705-165
Noé Trajano;Rua Pedro Celestino de Sousa;58705-142
Noé Trajano;Rua Pintor Zezinho;58705-180
Noé Trajano;Rua Professor Herly Adelino Filho;58705-205
Noé Trajano;Rua Professora Maria de Fátima Lacerda Ramalho;58705-204
Noé Trajano;Rua Sebastião Marcelino Sobrinho;58705-136
Noé Trajano;Rua Severina Figueiredo da Silva;58705-192
Noé Trajano;Rua Severino Inácio;58705-170
Noé Trajano;Rua Violonista Antônio Emiliano;58705-115
Noé Trajano;Rua Violonista Antônio Moreno;58705-140
Noé Trajano;Rua Wagner de Lucena Oliveira;58705-162
Noé Trajano;Rua Wilson Jansen;58705-176
Noé Trajano;Rua Zuza Cabral;58705-128
Nova Conquista;Rua Aparecida;58708-270
Nova Conquista;Rua Boa Esperança;58708-208
Nova Conquista;Rua Carmelita Lucena;58708-272
Nova Conquista;Rua Carmem Lúcia Batista Vieira;58708-258
Nova Conquista;Rua Celina Gondim dos Anjos;58708-262
Nova Conquista;Rua Francisca Inácia Lima;58708-220
Nova Conquista;Rua Inácio de Loiola;58708-210
Nova Conquista;Rua Irineu Lacerda;58708-280
Nova Conquista;Rua João Idelfonso;58708-252
Nova Conquista;Rua João Roberto;58708-254
Nova Conquista;Rua Maria da Guia do Ó;58708-256
Nova Conquista;Rua Nova Conquista;58708-260
Nova Conquista;Rua Pedro Félix;58708-202
Nova Conquista;Rua Rosa Maria Sales;58708-215
Nova Conquista;Rua São Vicente;58708-200
Nova Conquista;Rua Sete de Setembro;58708-275
Nova Conquista;Rua Três Irmãos;58708-206
Nova Conquista;Rua Zacarias Oliveira;58708-204
Novo Horizonte;Rua Adriana Ferreira Carneiro;58703-628
Novo Horizonte;Rua Alan Wanderley Mariano e Silva;58703-741
Novo Horizonte;Rua Aldman Leitão de Araújo;58703-743
Novo Horizonte;Rua Álvaro Alves de Lira;58704-733
Novo Horizonte;Rua Ana Raquel Barreto Alves;58703-663
Novo Horizonte;Rua Antônio Clementino da Nóbrega;58704-757
Novo Horizonte;Rua Antônio Crizanto Dantas;58704-830
Novo Horizonte;Rua Antônio Pereira da Silva;58704-800
Novo Horizonte;Rua Antônio Trindade de Figueiredo;58704-714
Novo Horizonte;Rua Aristides Mamede Gomes;58703-715
Novo Horizonte;Rua Arnaldo Assis de Medeiros;58704-760
Novo Horizonte;Rua Arthur Diego de Sousa Damasceno;58703-660
Novo Horizonte;Rua Benedito Rouxinol;58704-768
Novo Horizonte;Rodovia BR-230;58704-750
Novo Horizonte;Rua Carmelita Braga;58704-718
Novo Horizonte;Rua Claúdio Eduardo Pereira Paschoal;58704-785
Novo Horizonte;Rua Daniel César da Rocha Alves;58703-720
Novo Horizonte;Rua Diego Lucena Camboim;58703-632
Novo Horizonte;Rua Diogo José de Medeiros;58704-715
Novo Horizonte;Rua Edgar Edjalma de Sousa;58704-792
Novo Horizonte;Rua Emília Francisca de Sousa Dantas;58704-713
Novo Horizonte;Rua Emily Toscano Freire;58703-721
Novo Horizonte;Rua Ermano Caetano de Sousa;58704-754
Novo Horizonte;Rua Ermínio Ramberto Pires Torres;58704-759
Novo Horizonte;Rua Fábio Costa Araújo;58703-655
Novo Horizonte;Rua Fillyanderson Medeiros Martins;58703-658
Novo Horizonte;Rua Francisco Alex Davi de Lucena;58703-625
Novo Horizonte;Rua Francisco Antônio do Nascimento;58704-748
Novo Horizonte;Rua Francisco de Assis Cabral;58704-710
Novo Horizonte;Rua Francisco de Assis Paulo Júnior;58703-620
Novo Horizonte;Rua Francisco Ferreira Cabral;58703-653
Novo Horizonte;Rua Francisco Filgueiras de Assis;58704-720
Novo Horizonte;Rua Francisco Lúcio da Nóbrega;58704-794
Novo Horizonte;Rua Francisco Nunes Perônico;58703-716
Novo Horizonte;Rua Gilberlam Morais de Oliveira;58704-755
Novo Horizonte;Rua Horácio Nóbrega;58704-751
Novo Horizonte;Rua Igor Araújo Mota;58703-623
Novo Horizonte;Rua Igor de Arruda Souza;58704-777
Novo Horizonte;Rua Inalda Cruz Guedes de Medeiros;58703-740
Novo Horizonte;Rua Inaldo Brito Costa;58704-775
Novo Horizonte;Rua Iremar Belarmino de Sousa;58704-822
Novo Horizonte;Rua Jaci Dias dos Santos;58703-635
Novo Horizonte;Rua Jackson Fernandes dos Santos;58703-657
Novo Horizonte;Rua Janduy Caetano;58703-638
Novo Horizonte;Rua Janete de Sousa Emiliano;58703-714
Novo Horizonte;Rua Joacil Martins Pereira;58703-742
Novo Horizonte;Rua João Augusto Chaves Neto;58703-664
Novo Horizonte;Rua João Baldoino dos Santos;58703-636
Novo Horizonte;Rua João Batista Campos Queiroz;58704-797
Novo Horizonte;Rua João Cosme de Brito;58704-740
Novo Horizonte;Rua João da Cruz;58704-772
Novo Horizonte;Rua João Pedro Teixeira;58704-791
Novo Horizonte;Rua João Pinheiro da Silva;58704-796
Novo Horizonte;Rua José Aldefran da Costa Brito;58703-670
Novo Horizonte;Rua José Araújo Sobrinho;58704-767
Novo Horizonte;Rua José Borges dos Santos;58703-718
Novo Horizonte;Rua José Justino de Amorim;58704-795
Novo Horizonte;Rua José Queiroz Vilar;58704-783
Novo Horizonte;Rua José Rouxinol de Oliveira;58704-818
Novo Horizonte;Rua Júlio Crispim Perônico;58703-626
Novo Horizonte;Rua Julita Dias de Queiroz;58704-784
Novo Horizonte;Rua Kaymarks Mariano da Silva;58703-745
Novo Horizonte;Rua Leonardo dos Santos Medeiros;58703-723
Novo Horizonte;Rua Leonardo Torres Medeiros de Araújo;58703-610
Novo Horizonte;Rua Lorraine Mikaely Azevedo de Araújo;58703-656
Novo Horizonte;Rua Luna Maria de Medeiros Rangel;58703-662
Novo Horizonte;Rua Manoel Bezerra de Albuquerque;58704-722
Novo Horizonte;Rua Manoel da Costa Filgueiras;58704-736
Novo Horizonte;Rua Manoel Isaias da Silva;58704-780
Novo Horizonte;Rua Manoel Maurício de Oliveira;58704-743
Novo Horizonte;Rua Marcélio Carreiro de Amorim Medeiros Dias;58703-650
Novo Horizonte;Rua Margarida Maria Alves;58704-745
Novo Horizonte;Rua Maria do Socorro Silva Oliveira;58704-786
Novo Horizonte;Rua Maria José Pacheco Mota;58703-713
Novo Horizonte;Rua Maria José Romão;58704-730
Novo Horizonte;Rua Monsenhor Luis Laíres da Nóbrega;58703-710
Novo Horizonte;Rua Nadjara Segundo dos Santos;58703-717
Novo Horizonte;Rua Odília Maria Bezerra;58704-824
Novo Horizonte;Rua Padre Acácio Cartaxo Rolim;58703-700
Novo Horizonte;Rua Padre Jerônimo Leopoldino;58703-705
Novo Horizonte;Rua Padre José Lopes Sobrinho;58703-725
Novo Horizonte;Rua Padre Levi Rodrigues;58703-708
Novo Horizonte;Rua Padre Raimundo de Assis Ferreira;58703-730
Novo Horizonte;Rua Pastor Edson Poujeaux;58704-774
Novo Horizonte;Rua Pedro Campos Sobrinho;58704-752
Novo Horizonte;Rua Pedro Lino Brandão;58703-637
Novo Horizonte;Rua Professor Herly Adelino Filho;58704-810
Novo Horizonte;Rua Raphael de Santana Alves;58703-630
Novo Horizonte;Rua Raul Gomes de Farias;58704-735
Novo Horizonte;Rua Rebeca Jerônimo Brasileiro dos Passos;58703-744
Novo Horizonte;Rua Rosilda Alves de Lima;58704-778
Novo Horizonte;Rua Rui Farias da Silva;58704-770
Novo Horizonte;Rua Samuel Canuto da Costa;58704-782
Novo Horizonte;Rua Sebastião Ferreira de Lucena;58704-766
Novo Horizonte;Rua Severina Dantas;58704-826
Novo Horizonte;Rua Thiago Torres Costa;58703-627
Salgadinho;Rua Adriano de Souto Gomes;58706-527
Salgadinho;Rua Agostinho C J Justo;58706-580
Salgadinho;Rua Alaíde Vieira de Lucena;58706-503
Salgadinho;Rua Alexandrino Alves da Silva;58706-643
Salgadinho;Rua Alfredo Fernandes de Almeida;58706-630
Salgadinho;Rua Alfredo Lustosa Cabral;58706-550
Salgadinho;Rua Aluízio Lima;58706-590
Salgadinho;Travessa Aluízio Lima;58706-595
Salgadinho;Rua Antonio de Barros Gomes;58706-537
Salgadinho;Rua Antônio Martins Filho;58706-604
Salgadinho;Rua Antonio Raposo Galdino;58706-548
Salgadinho;Rua Belarmino de Castro Nóbrega;58706-525
Salgadinho;Rua Daniel Maganagi;58706-577
Salgadinho;Avenida Deputado Octacílio Nóbrega de Queiroz;58706-657
Salgadinho;Rua Deusenita Alves do Nascimento;58706-645
Salgadinho;Rua Dinamérico Almeida;58706-588
Salgadinho;Rua Doracy Wanderley;58706-670
Salgadinho;Rua Doutor Francisco Bacamarte;58706-567
Salgadinho;Avenida Doutor Francisco Soares de Sá;58706-664
Salgadinho;Rua Doutor José Leonardo Rodrigues Laurindo;58706-524
Salgadinho;Rua Doutor Olavo Nóbrega;58706-676
Salgadinho;Rua Doutor Orlando Damascena;58706-663
Salgadinho;Rua Doutor Pedro Firmino;58706-505
Salgadinho;Rua Durvalina Pereira Dias;58706-529
Salgadinho;Rua Edmilson Farias Gomes;58706-584
Salgadinho;Rua Edson Medeiros;58706-649
Salgadinho;Rua Eloy Eneas de Sousa;58706-555
Salgadinho;Rua Eucides Maia;58706-596
Salgadinho;Rua Eugenio da Costa Sales;58706-531
Salgadinho;Rua Evangelista Zacarias Salvador Pereira;58706-666
Salgadinho;Rua Everaldo Rodrigues de Oliveira;58706-589
Salgadinho;Avenida Felicidade Campos Cavalcanti;58706-665
Salgadinho;Rua Francisco Candido da Silva;58706-579
Salgadinho;Rua Francisco Gonçalves da Silva;58706-674
Salgadinho;Rua Francisco Marques;58706-578
Salgadinho;Rua Francisco Modesto de Sousa;58706-557
Salgadinho;Rua Francisco Paulino da Silva;58706-585
Salgadinho;Rua Francisco Pontes;58706-520
Salgadinho;Rua Fred Brasileiro Costa;58706-640
Salgadinho;Rua Geraldo da Silva Sampaio;58706-599
Salgadinho;Avenida Governador Ernani Aires Sátyro e Sousa;58706-658
Salgadinho;Avenida Governador João Agripino Filho;58706-660
Salgadinho;Rua Inácio Ferreira de Lucena;58706-600
Salgadinho;Rua Inácio Pedro Monteiro;58706-642
Salgadinho;Rua Joana Medeiros;58706-593
Salgadinho;Avenida João Olegário de Araújo;58706-653
Salgadinho;Rua João Xavier de Sá;58706-540
Salgadinho;Rua José Ailton de Sousa;58706-576
Salgadinho;Rua José Araújo de Medeiros;58706-559
Salgadinho;Rua José de Sousa Barreto;58706-574
Salgadinho;Rua José Gonçalves da Silva;58706-544
Salgadinho;Rua José Soares de Lima;58706-563
Salgadinho;Rua Klaus Cruz de Lima;58706-597
Salgadinho;Rua Lindalva Eduardo Santos;58706-690
Salgadinho;Rua Luiz de França Vieira;58706-565
Salgadinho;Rua Luiz Soares de Sá;58706-528
Salgadinho;Rua Luzia Marinho Gomes;58706-582
Salgadinho;Rua Manoel Barros da Cruz;58706-552
Salgadinho;Rua Manoel Bezerra Leite;58706-526
Salgadinho;Rua Manoel da Nóbrega Eustáquio;58706-536
Salgadinho;Rua Manoel Dantas;58706-686
Salgadinho;Rua Manoel Francisco da Silva;58706-680
Salgadinho;Rua Manoel Torres;58706-510
Salgadinho;Rua Manoel Valdevino;58706-606
Salgadinho;Rua Marcilio de Sousa Nóbrega;58706-675
Salgadinho;Rua Marcos Antonio da Costa Rodrigues;58706-538
Salgadinho;Rua Margarida Maria da Conceição;58706-556
Salgadinho;Rua Maria das Chagas Candeias Pereira;58706-610
Salgadinho;Rua Maria das Dores Lopes;58706-570
Salgadinho;Rua Maria das Graças Dutra de Oliveira;58706-566
Salgadinho;Avenida Maria Generina de Araújo;58706-652
Salgadinho;Rua Maria Zelia Caetano;58706-678
Salgadinho;Rua Maroca Batista;58706-669
Salgadinho;Rua Mauro Gomes de Siqueira;58706-547
Salgadinho;Rua Mucio Satyro;58706-661
Salgadinho;Rua Otávio Maia;58706-602
Salgadinho;Rua Otoni Horácio de Medeiros;58706-587
Salgadinho;Rua Pastor Antonio Ferreira de Lima;58706-569
Salgadinho;Rua Pastor Frank Dyer;58706-667
Salgadinho;Rua Pastor Luiz de Gonzaga e Silva;58706-533
Salgadinho;Rua Pedro Marinho Nóbrega;58706-522
Salgadinho;Avenida Pinto do Acordeon;58706-594
Salgadinho;Avenida Prefeito Dinaldo Wanderley;58706-671
Salgadinho;Rua Professora Cristina Lima;58706-560
Salgadinho;Rua Raimunda Rodrigues Alves;58706-554
Salgadinho;Rua Raimundo Vieira Carneiro;58706-549
Salgadinho;Rua Rebeca Furtado Costa Souza;58706-532
Salgadinho;Rua Ronnyeri Batista;58706-586
Salgadinho;Rua Rotary;58706-530
Salgadinho;Rua Rubenor Dias de Lucena;58706-568
Salgadinho;Rua Severino Ferreira Barros;58706-508
Salgadinho;Rua Severino Lustosa Morais;58706-575
Salgadinho;Rua Sidnei Medeiros da Silva;58706-539
Salgadinho;Rua Souto Maior;58706-684
Salgadinho;Rua Tabelião Aldo Sátiro Xavier;58706-659
Salgadinho;Rua Tereza Praxedes dos Santos;58706-558
Salgadinho;Rua Terezinha Monteiro do Nascimento;58706-572
Salgadinho;Rua Terezinha Pereira de Araújo;58706-564
Salgadinho;Rua Valdery Benicio de Sá;58706-546
Salgadinho;Rua Vereador João Bosco de Araújo;58706-545
Salgadinho;Rua Vereador Juraci Dantas de Sousa;58706-562
Salgadinho;Avenida Vereador Rênio Araújo Torres;58706-656
Salgadinho;Rua Vereador Rubens Almeida;58706-668
Salgadinho;Rua Veridiano Vieira de Medeiros;58706-553
Salgadinho;Rua Vicente Mariano de Sousa;58706-607
Santa Cecília;Rua Anatildes Lucena;58708-022
Santa Cecília;Rua Irineu Lacerda;58708-100
Santa Cecília;Rua João Salvino de Medeiros;58708-113
Santa Cecília;Rua Joaquim dos Santos;58708-035
Santa Cecília;Rua José Roosevelt Gomes;58708-108
Santa Cecília;Rua Paulo Viturino dos Santos;58708-037
Santa Cecília;Rua Santa Catarina;58708-000
Santa Cecília;Rua Santa Mônica;58708-020
Santa Cecília;Rua São Bento;58708-090
Santa Cecília;Rua São Cristovão;58708-115
Santa Cecília;Rua São Januário;58708-070
Santa Cecília;Rua São João;58708-050
Santa Cecília;Rua São Luiz;58708-150
Santa Cecília;Rua São Paulo;58708-030
Santa Cecília;Rua São Pedro;58708-025
Santa Cecília;Rua São Salvador;58708-095
Santa Cecília;Rua São Sebastião;58708-010
Santa Cecília;Rua São Vicente;58708-190
Santa Cecília;Avenida Universitária;58708-110
Santo Antônio;Rua Alexandrino Rodrigues;58701-080
Santo Antônio;Rua Alto Casteliano;58701-070
Santo Antônio;Travessa Alto Casteliano;58701-072
Santo Antônio;Rua Antônio Fragoso;58701-063
Santo Antônio;Rua Antônio Palmeira;58701-180
Santo Antônio;Rua Basta Gomes;58701-165
Santo Antônio;Travessa Belísia Gonçalves;58701-005
Santo Antônio;Rua Biu da Coroa;58701-083
Santo Antônio;Rua Capitão Crizanto;58701-090
Santo Antônio;Travessa Capitão Crizanto;58701-092
Santo Antônio;Travessa Capitão Manoel Gomes;58701-023
Santo Antônio;Rua Capitão Manoel Gomes;58701-025
Santo Antônio;Travessa Capitão Marinho;58701-033
Santo Antônio;Rua das Espinharas;58701-068
Santo Antônio;Rua Dezoito do Forte;58701-045
Santo Antônio;Rua do Prado;58701-008
Santo Antônio;Rua Dom Pedro II;58701-020
Santo Antônio;Rua Duque de Caxias;58701-100
Santo Antônio;Rua Elias Asfora;58701-215
Santo Antônio;Rua Escritor Augusto dos Anjos;58701-050
Santo Antônio;Travessa Escritor Augusto dos Anjos;58701-055
Santo Antônio;Rua Felipe Camarão;58701-060
Santo Antônio;Travessa Felipe Camarão;58701-065
Santo Antônio;Rua Frei João Machado;58701-082
Santo Antônio;Rua Inácio do Leão;58701-220
Santo Antônio;Rua Irineu Joffily;58701-000
Santo Antônio;Rua Irineu Joffily;58701-135
Santo Antônio;Rua José Jorge;58701-210
Santo Antônio;Rua José Mendes;58701-190
Santo Antônio;Rua Luzia Nóbrega de Andrade;58701-058
Santo Antônio;Rua Major Vicente Jansen;58701-230
Santo Antônio;Rua Maria de Lourdes Brito;58701-110
Santo Antônio;Travessa Mestre Elias;58701-212
Santo Antônio;Rua Nego;58701-012
Santo Antônio;Rua Nelson Rodrigues;58701-130
Santo Antônio;Rua Otílio de Sousa;58701-170
Santo Antônio;Rua Padre Anchieta;58701-030
Santo Antônio;Travessa Padre Anchieta;58701-035
Santo Antônio;Rua Pastor Eduardo Mundy;58701-160
Santo Antônio;Travessa Patrícia Vieira;58701-095
Santo Antônio;Rua Peregrino de Araújo;58701-010
Santo Antônio;Rua Porfírio da Costa;58701-040
Santo Antônio;Rua Prefeito Oscar Torres;58701-140
Santo Antônio;Rua Santana;58701-150
Santo Antônio;Rua São José;58701-120
Santo Antônio;Travessa Senhor Gualberto;58701-103
Santo Antônio;Rua Valmir Davi Coutinho;58701-105
Santo Antônio;Rua Vinte e Seis de Julho;58701-042
Santo Antônio;Travessa Vinte e Seis de Julho;58701-043
Santo Antônio;Rua Vinte e Seis de Outubro;58701-062
São Sebastião;Rua Alfredo Lustosa Cabral;58706-425
São Sebastião;Rua América Palmeira dos Santos;58706-362
São Sebastião;Travessa Antônio Félix;58706-115
São Sebastião;Rua Antônio Félix de Lima;58706-110
São Sebastião;Rua Antônio Leite da Silva;58706-088
São Sebastião;Rua Antônio Luiz;58706-040
São Sebastião;Rua Assis Wanderley;58706-230
São Sebastião;Rua Aurino Pereira;58706-100
São Sebastião;Rua Beatriz Silva;58706-004
São Sebastião;Rua Benedita Luzia de Lima;58706-392
São Sebastião;Rodovia BR-230;58706-218
São Sebastião;Rua Braz Morais;58706-325
São Sebastião;Travessa Braz Morais;58706-328
São Sebastião;Rua Carlos Alberto Dantas;58706-220
São Sebastião;Rua Carmen Bernardo;58706-418
São Sebastião;Rua Chico Rosa;58706-055
São Sebastião;Rua Cícero Marques;58706-020
São Sebastião;Rua Djalma Nóbrega Medeiros;58706-360
São Sebastião;Rua Doutor Pedro Firmino;58706-440
São Sebastião;Rua Eronildo Inácio Costa;58706-384
São Sebastião;Travessa Euclides Franco;58706-174
São Sebastião;Rua Euclides Franco;58706-190
São Sebastião;Rua Euclides Gouveia;58706-240
São Sebastião;Rua Fátima de Lourdes;58706-120
São Sebastião;Rua Félix Araújo;58706-080
São Sebastião;Rua Francisca Maria da Luz;58706-350
São Sebastião;Rua Francisca Souza Dantas;58706-128
São Sebastião;Rua Francisco Cândido da Nóbrega;58706-122
São Sebastião;Rua Francisco Germano de Araújo;58706-369
São Sebastião;Rua Francisco Joca;58706-386
São Sebastião;Rua Francisco Justino Medeiros;58706-178
São Sebastião;Rua Geraldo Cabral;58706-300
São Sebastião;Rua Gilberto Taylor;58706-406
São Sebastião;Rua Guadalajara;58706-305
São Sebastião;Travessa Guadalajara;58706-375
São Sebastião;Rua João Mariano de Oliveira;58706-210
São Sebastião;Travessa João Mariano de Oliveira;58706-215
São Sebastião;Rua Joaquina Medeiros de Lima;58706-317
São Sebastião;Rua José Corsino Peixoto;58706-222
São Sebastião;Rua José Francisco da Silva;58706-382
São Sebastião;Rua José Henrique Pereira;58706-048
São Sebastião;Rua José Marinho dos Santos;58706-185
São Sebastião;Rua José Martins Moura;58706-102
São Sebastião;Rua José Urquiza Carneiro;58706-200
São Sebastião;Travessa Josefa Aragão;58706-083
São Sebastião;Rua Josefina Lima de Lucena;58706-188
São Sebastião;Rua Justino Gomes;58706-302
São Sebastião;Rua Lima Campos;58706-310
São Sebastião;Travessa Lima Campos;58706-315
São Sebastião;Rua Luiz Lindermam de Queiroz;58706-044
São Sebastião;Rua Luiz Marinho dos Santos;58706-165
São Sebastião;Rua Manoel Alves de Figueiredo;58706-022
São Sebastião;Rua Manoel Balbino;58706-060
São Sebastião;Rua Manoel Brito Sobrinho;58706-140
São Sebastião;Rua Manoel Gonçalves;58706-160
São Sebastião;Rua Manoel Mendes Morais;58706-082
São Sebastião;Rua Manoel Torres;58706-420
São Sebastião;Rua Manoel Valentim;58706-388
São Sebastião;Rua Maria do Socorro Sousa de Lucena;58706-364
São Sebastião;Rua Maria José Félix;58706-046
São Sebastião;Rua Maria Vicência Nóbrega;58706-015
São Sebastião;Rua Miguel Imperiano;58706-090
São Sebastião;Rua Nabor Wanderley;58706-225
São Sebastião;Travessa Nabor Wanderley;58706-228
São Sebastião;Rua Nelson Pereira;58706-050
São Sebastião;Rua Orlando Torres;58706-400
São Sebastião;Rua Otacílio Monteiro;58706-416
São Sebastião;Rua Pai Levino;58706-028
São Sebastião;Rua Pedro Benedito;58706-000
São Sebastião;Rua Pedro Saraiva Moura;58706-170
São Sebastião;Travessa Pedro Saraiva Moura;58706-176
São Sebastião;Rua Pedro Vieira;58706-070
São Sebastião;Rua Raimundo Nunes da Silva;58706-085
São Sebastião;Rua Sargento Lourival Diniz;58706-323
São Sebastião;Rua Sargento Miguelzinho;58706-006
São Sebastião;Rua Sebastião Queiroz;58706-025
São Sebastião;Rua Severino Alves dos Santos;58706-125
São Sebastião;Rua Severino Clemente;58706-408
São Sebastião;Rua Severino Paulo Barbosa;58706-365
São Sebastião;Rua Tabelião Manoel Fernandes;58706-430
São Sebastião;Travessa Tabelião Manoel Fernandes;58706-435
São Sebastião;Rua Terezinha Araújo;58706-086
São Sebastião;Rua Tião Pereira;58706-333
São Sebastião;Rua Valdemar Vieira;58706-330
São Sebastião;Rua Vandy Alves;58706-130
São Sebastião;Rua Zezinho do Correio;58706-052
São Sebastião;Rua Zito Moreira;58706-340
Sete Casas;Rua Antônio Félix de Lima;58705-315
Sete Casas;Rua Armando Gonçalves da Silva;58705-382
Sete Casas;Rua Aroeira;58705-287
Sete Casas;Rua Baraúna;58705-308
Sete Casas;Rodovia BR-230;58705-275
Sete Casas;Avenida Caetano Marinho da Silva;58705-367
Sete Casas;Travessa Euclides Franco;58705-331
Sete Casas;Rua Euclides Franco;58705-332
Sete Casas;Rua Joana Darc Tavares Silva;58705-380
Sete Casas;Rua José Carlos da Silva Marques;58705-381
Sete Casas;Rua José Francisco da Silva;58705-384
Sete Casas;Rua José Martins da Silva;58705-300
Sete Casas;Avenida Juazeiro;58705-304
Sete Casas;Rua Jussara de Oliveira Santos;58705-365
Sete Casas;Rua Mandacaru;58705-306
Sete Casas;Rua Maniçoba;58705-307
Sete Casas;Avenida Marconi Cesar Palmeira;58705-368
Sete Casas;Rua Maria Augusta Luz Araújo;58705-391
Sete Casas;Rua Maria de Fátima Barreto Mariano;58705-392
Sete Casas;Rua Maria Luiz Calixto;58705-390
Sete Casas;Rua Maria Mercedes Mendes de Menezes;58705-385
Sete Casas;Travessa Pedro Saraiva Moura;58705-321
Sete Casas;Rua Pedro Saraiva Moura;58705-322
Sete Casas;Rua Prefeito Biroca Firmino;58705-280
Sete Casas;Rua Rita Almeida Bezerra;58705-383
Sete Casas;Rua Umburana;58705-301
Sete Casas;Rua Vicente Martins da Nóbrega;58705-361
